id;firstname;lastname;email;department
220;harry;surname;harry@gmai.com;ibm
210;john;abc;john@gmail.com;ibm
101;Hrishikesh;Kulkarni;hrishi@gslab.com;ibm
102;Pankaj;Khamkar;pankaj@gslan.com;ibm
103;Amol;Bramhe;amol@gslab.com;ibm
104;Neha;Gupta;neha@gslab.com;ibm
105;Pramod;Nawale;pramod@gslab.com;ibm
106;sunil;jejurkar;jsunil@gslab.com;ibm
107;Sayali;Dange;sayali@gslab.com;ibm
108;Chinmaya;Panigrahi;chinmaya@gslab.com;ibm